Q4,Q12_total,Q13_total,Q14_total,Q17_total
Junior-level courses,13.500508740922923,6.41469809487178,4.714368963633916,10.10847756496094
