Q4,Q12_total,Q13_total,Q14_total,Q17_total
Junior-level courses,55.57142857142857,28.071428571428573,10.071428571428571,49.214285714285715
