Q4,Q9,Q10,Q12_total,Q14_total
First Year-level courses,8.0,6.666666666666667,70.0,7.0
Senior-level courses,5.333333333333333,6.666666666666667,74.33333333333333,0.3333333333333333
